userId,result
1,"[356, 296, 318, 1, 500, 1097, 48516, 1193, 1968, 1089]"
2,"[2959, 2571, 593, 356, 296, 134130, 260, 7153, 110, 3578]"
3,"[593, 1214, 1198, 32, 2959, 2571, 2762, 2028, 3578, 293]"
4,"[318, 858, 908, 111, 4993, 541, 3996, 750, 1214, 923]"
5,"[356, 480, 377, 593, 231, 587, 47, 292, 648, 350]"
6,"[110, 185, 10, 434, 350, 539, 454, 442, 1, 256]"
7,"[296, 2571, 1196, 6874, 318, 1136, 1291, 1198, 2791, 2959]"
8,"[300, 588, 316, 36, 6, 329, 377, 497, 509, 25]"
9,"[1196, 1210, 593, 1097, 356, 2716, 3671, 1, 296, 32]"
10,"[4886, 4963, 78499, 364, 115617, 1, 6539, 44191, 60069, 59315]"
11,"[527, 318, 260, 2571, 364, 1097, 1036, 858, 34, 47]"
12,"[356, 364, 588, 597, 4995, 6377, 10, 110, 2396, 260]"
13,"[260, 296, 858, 1210, 2571, 1291, 2959, 589, 1196, 2716]"
14,"[589, 208, 380, 364, 457, 780, 527, 588, 648, 34]"
15,"[480, 4306, 1097, 1259, 2858, 1036, 3793, 593, 541, 2324]"
16,"[1206, 2858, 858, 908, 1193, 1214, 922, 5952, 1200, 4027]"
17,"[4306, 6377, 8368, 1580, 6539, 364, 6874, 1200, 5816, 1387]"
18,"[79132, 2329, 2858, 5952, 7153, 1258, 590, 1197, 858, 72998]"
19,"[1270, 296, 1196, 260, 1387, 1954, 593, 1266, 595, 858]"
20,"[356, 1270, 296, 2959, 1136, 2858, 260, 1196, 2174, 318]"
21,"[1270, 356, 593, 2028, 3147, 5989, 47, 590, 1036, 4993]"
22,"[296, 2858, 79132, 608, 58559, 7361, 1221, 50, 78499, 1196]"
23,"[2571, 4993, 4973, 527, 2959, 5445, 50, 2858, 7361, 1148]"
24,"[2959, 589, 110, 1196, 1210, 1, 7153, 1270, 1291, 68954]"
25,"[1210, 1196, 2959, 296, 110, 2028, 1291, 356, 593, 89745]"
26,"[480, 592, 318, 50, 32, 110, 590, 292, 16, 527]"
27,"[2028, 593, 527, 588, 380, 34, 1552, 858, 589, 1240]"
28,"[4973, 6016, 750, 1270, 2858, 1208, 1291, 1193, 1653, 1221]"
29,"[4226, 2959, 7153, 480, 1196, 2571, 1291, 1210, 364, 1]"
30,"[7153, 68157, 2959, 89745, 99114, 356, 858, 296, 593, 6874]"
31,"[480, 589, 1210, 32, 260, 364, 318, 356, 2858, 50]"
32,"[551, 1206, 589, 858, 1210, 480, 750, 1732, 1954, 1234]"
33,"[260, 1196, 2762, 2858, 1732, 1200, 541, 1240, 1097, 500]"
34,"[296, 2858, 1197, 1210, 2987, 260, 1270, 2502, 1198, 1407]"
35,"[593, 296, 47, 364, 457, 380, 527, 50, 165, 349]"
36,"[296, 1198, 50, 1213, 32, 356, 858, 1196, 1291, 1136]"
37,"[589, 32, 480, 1210, 2028, 2762, 4011, 377, 2571, 2959]"
38,"[110, 589, 349, 165, 587, 32, 2, 316, 141, 21]"
39,"[356, 480, 1, 1208, 16, 2959, 527, 1265, 1200, 1222]"
40,"[593, 527, 50, 235, 380, 480, 6, 32, 356, 377]"
41,"[318, 7153, 4993, 4306, 58559, 588, 1258, 1968, 50, 527]"
42,"[1200, 480, 457, 1198, 1214, 1240, 2916, 296, 589, 1291]"
43,"[368, 296, 21, 110, 2, 474, 2174, 357, 1517, 165]"
44,"[1210, 1197, 1291, 1196, 589, 1198, 2858, 296, 2115, 2683]"
45,"[318, 2959, 7153, 8368, 480, 47, 7147, 5952, 44191, 4776]"
46,"[150, 356, 480, 153, 47, 296, 329, 592, 589, 317]"
47,"[1210, 260, 597, 1270, 2571, 1, 527, 1197, 1196, 1610]"
48,"[1210, 356, 1, 589, 32, 2028, 1196, 110, 1732, 4306]"
49,"[7153, 1198, 593, 1265, 4993, 49272, 260, 1210, 924, 480]"
50,"[1089, 260, 2858, 1196, 1193, 1213, 47, 2997, 50, 912]"
51,"[1270, 2918, 1198, 1197, 50, 1199, 47, 296, 32, 1210]"
52,"[2959, 4963, 2028, 4993, 79132, 1682, 4226, 44191, 109487, 5952]"
53,"[1196, 4226, 356, 2571, 541, 110, 1210, 2028, 260, 5349]"
54,"[364, 150, 587, 597, 380, 260, 377, 344, 316, 648]"
55,"[296, 2571, 2858, 50, 593, 1291, 356, 47, 260, 32]"
56,"[296, 588, 595, 223, 457, 377, 500, 150, 316, 1732]"
57,"[1387, 1732, 1214, 1196, 1089, 2959, 4226, 1197, 2683, 47]"
58,"[858, 1196, 1210, 590, 165, 593, 47, 1198, 2762, 260]"
59,"[296, 1193, 1206, 908, 923, 1214, 1230, 1267, 2571, 1225]"
60,"[356, 480, 296, 1221, 593, 595, 6377, 2329, 912, 2858]"
61,"[1200, 2571, 296, 1210, 541, 1196, 1199, 260, 924, 2959]"
62,"[50, 1196, 2858, 2329, 7361, 4226, 260, 1136, 4993, 589]"
63,"[593, 32, 8874, 4226, 1206, 3949, 44191, 6377, 1653, 1258]"
64,"[1198, 4226, 541, 2529, 2997, 1291, 4848, 1580, 1206, 1394]"
65,"[48516, 356, 593, 5952, 3578, 68954, 99114, 47, 58559, 296]"
66,"[1208, 608, 858, 750, 1219, 924, 1193, 356, 1732, 1199]"
67,"[2762, 1198, 1265, 6874, 45499, 58559, 1721, 1682, 5445, 69122]"
68,"[4993, 68954, 780, 4306, 586, 28, 102125, 1580, 41566, 3081]"
69,"[1198, 2115, 2959, 296, 2918, 480, 2858, 318, 110, 1200]"
70,"[1, 1196, 593, 2959, 480, 1079, 1208, 924, 111, 1221]"
71,"[356, 457, 318, 260, 2571, 377, 380, 364, 480, 593]"
72,"[2959, 4226, 6874, 480, 2918, 1527, 4878, 7438, 1036, 356]"
73,"[1721, 1961, 2571, 858, 5418, 2959, 1210, 318, 1704, 2692]"
74,"[1213, 1219, 750, 908, 924, 593, 912, 318, 903, 1199]"
75,"[318, 260, 1210, 2571, 3996, 858, 1197, 2959, 296, 2791]"
76,"[32, 50, 293, 296, 1222, 2959, 1291, 924, 750, 1193]"
77,"[296, 1, 1210, 1270, 2571, 1197, 2959, 5952, 480, 1291]"
78,"[260, 1210, 858, 32, 457, 2028, 110, 592, 3578, 3996]"
79,"[1270, 1, 1527, 318, 1200, 593, 296, 1097, 1198, 356]"
80,"[1214, 260, 1210, 480, 32587, 4306, 8961, 47, 590, 1704]"
81,"[527, 780, 4226, 50, 593, 2762, 5989, 590, 1580, 1240]"
82,"[5445, 296, 318, 1210, 1580, 4963, 2502, 6874, 5418, 5989]"
83,"[2959, 4896, 5989, 6377, 2571, 588, 3114, 527, 5445, 4886]"
84,"[110, 296, 364, 2028, 1, 593, 780, 1961, 589, 1704]"
85,"[457, 1968, 356, 1089, 858, 3897, 50, 357, 1136, 1265]"
86,"[593, 5816, 2692, 296, 2571, 364, 1136, 4027, 1527, 858]"
87,"[1210, 1136, 1196, 296, 33794, 3052, 480, 4993, 6874, 260]"
88,"[2571, 2959, 858, 260, 1210, 7153, 2858, 1089, 356, 480]"
89,"[2571, 260, 4993, 5952, 541, 1210, 527, 318, 50, 7153]"
90,"[50, 296, 318, 356, 223, 110, 858, 1208, 527, 592]"
91,"[2959, 47, 593, 1265, 1732, 1196, 4011, 3527, 1682, 2858]"
92,"[1196, 356, 1210, 4226, 1291, 2959, 2571, 6874, 260, 1198]"
93,"[1210, 1198, 780, 589, 2571, 2858, 1270, 1196, 1527, 1291]"
94,"[457, 50, 32, 595, 480, 377, 293, 551, 1, 21]"
95,"[296, 2716, 1291, 1732, 8636, 2959, 1, 593, 1201, 480]"
96,"[356, 32, 2918, 1197, 2762, 1196, 1240, 1198, 2355, 1193]"
97,"[1196, 2571, 364, 2762, 480, 589, 1291, 5349, 5952, 1]"
98,"[4973, 6377, 3578, 527, 1210, 7361, 260, 2959, 2858, 2571]"
99,"[589, 1, 364, 47, 356, 110, 480, 588, 260, 2571]"
100,"[318, 356, 364, 593, 500, 480, 780, 1196, 457, 527]"
101,"[1089, 1732, 1210, 1704, 2571, 858, 47, 356, 4262, 6874]"
102,"[1210, 3147, 1270, 1097, 1246, 2858, 32, 260, 1206, 1732]"
103,"[2858, 4878, 1265, 3147, 47, 32587, 1222, 1884, 2692, 4995]"
104,"[4306, 2571, 4995, 4027, 5445, 296, 318, 2959, 4963, 5418]"
105,"[1196, 1270, 1210, 2858, 45722, 527, 1291, 608, 2918, 2028]"
106,"[356, 4226, 79132, 260, 296, 2959, 1198, 858, 1210, 68157]"
107,"[356, 364, 457, 377, 500, 34, 480, 527, 593, 47]"
108,"[1214, 356, 1196, 1265, 318, 1240, 296, 1197, 1089, 1291]"
109,"[32, 1968, 858, 2683, 597, 260, 1222, 4226, 2329, 2858]"
110,"[50, 2959, 318, 2716, 1196, 260, 1213, 593, 1214, 1219]"
111,"[4993, 5618, 5952, 8874, 46578, 51255, 1968, 44191, 7153, 1527]"
112,"[1291, 4226, 8874, 2959, 4993, 6874, 541, 1270, 858, 1527]"
113,"[750, 608, 1089, 1208, 541, 2987, 318, 1219, 924, 296]"
114,"[4993, 7153, 318, 4886, 68954, 356, 33794, 2324, 4306, 296]"
115,"[318, 1210, 356, 1270, 1197, 1259, 1198, 1291, 1097, 1214]"
116,"[2571, 1580, 2, 260, 318, 5459, 1527, 6365, 2762, 2011]"
117,"[318, 589, 1, 593, 253, 208, 111, 1240, 1610, 1721]"
118,"[356, 593, 2571, 260, 527, 1089, 1208, 2959, 318, 1198]"
119,"[858, 2959, 593, 6874, 2858, 4878, 48780, 79132, 3949, 32587]"
120,"[356, 296, 1197, 608, 50, 110, 1198, 1210, 2797, 10]"
121,"[593, 50, 527, 364, 480, 36, 588, 1527, 457, 32]"
122,"[1270, 2571, 541, 3996, 1198, 858, 1196, 3578, 1527, 1291]"
123,"[68954, 72998, 1210, 88125, 1704, 58559, 1721, 2028, 69122, 296]"
124,"[1258, 2959, 1196, 293, 5952, 4993, 858, 1206, 4306, 6874]"
125,"[68157, 3578, 4011, 6377, 1259, 2762, 4262, 1732, 1213, 1196]"
126,"[588, 440, 500, 587, 10, 339, 780, 736, 474, 553]"
127,"[1198, 457, 1136, 2571, 1, 1617, 858, 50, 912, 34]"
128,"[356, 919, 318, 377, 1270, 527, 150, 1097, 500, 1210]"
129,"[356, 8961, 5349, 780, 6377, 2716, 3147, 4886, 4963, 1198]"
130,"[153, 356, 480, 344, 364, 2, 367, 110, 377, 10]"
131,"[1208, 858, 1222, 2959, 4027, 356, 4973, 318, 1079, 6539]"
132,"[608, 4973, 1265, 2692, 1136, 2571, 47, 480, 1961, 2294]"
133,"[364, 1198, 1, 608, 260, 1210, 1220, 1196, 648, 2858]"
134,"[318, 34, 50, 480, 32, 165, 293, 457, 527, 597]"
135,"[1089, 480, 2716, 6, 50, 1196, 356, 1136, 1208, 5418]"
136,"[356, 377, 380, 590, 589, 595, 480, 318, 500, 165]"
137,"[912, 924, 2858, 1206, 1089, 50, 1222, 1278, 4226, 1267]"
138,"[2762, 1036, 2571, 1, 3578, 32, 260, 2028, 2918, 3994]"
139,"[7153, 2959, 2571, 60069, 296, 110, 858, 1210, 1291, 1270]"
140,"[4993, 1197, 586, 1196, 1380, 8360, 296, 524, 8368, 1136]"
141,"[79132, 1136, 2858, 318, 76251, 1036, 76093, 2081, 68157, 81845]"
142,"[500, 318, 1961, 1270, 50, 587, 2858, 4995, 4022, 185]"
143,"[1, 7153, 260, 2028, 4886, 318, 356, 1210, 527, 4993]"
144,"[919, 595, 3793, 5349, 318, 4993, 260, 364, 296, 1196]"
145,"[150, 356, 457, 349, 597, 10, 364, 474, 589, 527]"
146,"[296, 7153, 2858, 1704, 6874, 5952, 7438, 48394, 356, 4226]"
148,"[68954, 58559, 318, 6539, 59315, 4306, 73017, 8368, 77561, 122904]"
149,"[296, 2028, 1089, 592, 2571, 50, 858, 2959, 1222, 2858]"
150,"[1210, 1, 858, 260, 1393, 1198, 1291, 4226, 364, 1196]"
151,"[1, 733, 260, 1210, 318, 364, 588, 16, 356, 47]"
152,"[1258, 356, 4226, 2858, 1732, 3578, 6874, 1089, 293, 1208]"
153,"[318, 593, 50, 6874, 58559, 5816, 2997, 5952, 7438, 4993]"
154,"[7153, 58559, 2571, 48516, 50872, 5952, 88125, 1198, 6874, 2028]"
155,"[32587, 480, 1196, 356, 3994, 5679, 6539, 4226, 34, 2858]"
156,"[593, 924, 318, 1214, 1258, 32, 903, 2959, 2762, 1196]"
157,"[858, 2571, 1196, 260, 296, 50, 4226, 2858, 6874, 1210]"
158,"[260, 858, 1221, 2571, 2716, 50, 1968, 2918, 2762, 296]"
159,"[260, 527, 1210, 8961, 1196, 4995, 1101, 1784, 380, 595]"
160,"[1210, 7438, 527, 1136, 1732, 318, 3108, 1968, 6711, 923]"
161,"[527, 1136, 4886, 356, 5349, 3793, 296, 457, 593, 7153]"
162,"[364, 593, 367, 380, 480, 457, 595, 141, 110, 316]"
163,"[260, 858, 527, 4226, 296, 593, 2571, 1, 47, 1200]"
164,"[377, 593, 457, 2028, 858, 380, 1610, 318, 480, 1214]"
165,"[589, 364, 1527, 3793, 2959, 3578, 293, 110, 47, 356]"
166,"[4011, 364, 318, 500, 2959, 6539, 589, 1732, 2706, 2916]"
167,"[2571, 2683, 7153, 588, 6874, 595, 589, 364, 2355, 3996]"
168,"[296, 50, 318, 3996, 1206, 1265, 2959, 1221, 1214, 541]"
169,"[380, 4306, 4226, 593, 1198, 2858, 68954, 1036, 2078, 916]"
170,"[380, 589, 47, 165, 377, 329, 34, 316, 736, 32]"
171,"[593, 318, 1704, 50, 7153, 2918, 2571, 1221, 4226, 4993]"
172,"[260, 2959, 296, 50, 1210, 2329, 2858, 4878, 1198, 480]"
173,"[318, 480, 296, 364, 454, 780, 590, 2, 1210, 50]"
174,"[380, 364, 595, 377, 367, 590, 208, 593, 500, 110]"
175,"[588, 595, 551, 364, 593, 296, 594, 1210, 2081, 912]"
176,"[364, 480, 356, 34, 367, 208, 736, 32, 225, 282]"
177,"[2762, 7153, 1246, 72998, 1, 1200, 60069, 1704, 79132, 457]"
178,"[260, 32, 1210, 1198, 4993, 4226, 1214, 1259, 1200, 2324]"
179,"[590, 587, 539, 153, 588, 2, 367, 595, 597, 434]"
180,"[4306, 1210, 296, 5952, 8961, 1, 4896, 7153, 593, 1073]"
181,"[150, 364, 2, 500, 261, 292, 296, 329, 588, 592]"
182,"[2571, 48780, 55820, 58559, 48774, 7153, 1, 6377, 8961, 1921]"
183,"[1036, 2571, 593, 2762, 260, 1356, 1240, 165, 316, 780]"
184,"[89745, 1196, 1198, 7153, 1210, 2571, 2959, 68954, 260, 4878]"
185,"[2571, 2858, 6874, 6377, 1036, 2959, 8368, 1682, 44191, 4306]"
186,"[296, 318, 356, 6377, 778, 5989, 1089, 1682, 1961, 32]"
187,"[318, 858, 296, 541, 1219, 1196, 1230, 3176, 1193, 1208]"
188,"[595, 1968, 1270, 4896, 1259, 1198, 912, 1073, 914, 2959]"
189,"[4226, 858, 1, 3578, 260, 1210, 33794, 6377, 588, 51255]"
190,"[1270, 7153, 60069, 356, 5349, 1682, 2011, 5418, 296, 1196]"
191,"[356, 858, 590, 608, 260, 527, 141, 592, 593, 924]"
192,"[457, 590, 364, 34, 587, 356, 10, 165, 500, 253]"
193,"[296, 2571, 4226, 541, 4995, 6874, 1732, 4993, 1214, 1258]"
194,"[1193, 356, 1198, 1, 296, 1136, 7153, 1291, 34, 47]"
195,"[293, 260, 858, 356, 480, 1198, 5952, 1220, 5989, 110]"
196,"[1196, 318, 296, 1210, 356, 2858, 1240, 480, 1265, 527]"
197,"[2959, 1732, 1196, 1208, 589, 1682, 2762, 3147, 593, 1222]"
198,"[1193, 7361, 48516, 58559, 500, 6874, 2078, 4306, 6539, 527]"
199,"[608, 296, 1200, 2028, 858, 1252, 1193, 1225, 1, 1197]"
200,"[68954, 5952, 364, 858, 2959, 44191, 589, 68157, 79132, 2028]"
201,"[1210, 1265, 2028, 1200, 1214, 1208, 2918, 2529, 457, 541]"
202,"[904, 4226, 111, 1732, 58559, 480, 1089, 150, 47, 1252]"
203,"[8961, 6377, 2959, 5445, 589, 2028, 1704, 47, 260, 1]"
204,"[1213, 912, 1210, 1196, 1291, 1732, 1198, 6874, 7438, 356]"
205,"[7153, 2571, 260, 5952, 296, 1196, 4993, 1291, 58559, 1198]"
206,"[260, 6, 50, 318, 736, 708, 527, 52, 296, 150]"
207,"[2959, 2571, 593, 1214, 1196, 2858, 1221, 296, 356, 608]"
208,"[260, 2959, 356, 6365, 296, 5445, 32, 4993, 1196, 6333]"
209,"[260, 1210, 4226, 858, 1197, 32, 480, 1196, 527, 1036]"
210,"[260, 1198, 296, 2571, 3578, 589, 2011, 68954, 1214, 3147]"
211,"[527, 7438, 44191, 593, 6874, 1732, 2716, 32, 1682, 480]"
212,"[4973, 364, 2692, 7361, 527, 5989, 4878, 4963, 595, 6016]"
213,"[1196, 480, 4226, 1210, 2571, 527, 318, 48516, 8961, 2959]"
214,"[260, 1291, 150, 2571, 2028, 1198, 32, 589, 1196, 3578]"
215,"[1136, 4886, 2028, 3578, 1, 595, 1210, 6377, 1258, 593]"
216,"[593, 1196, 296, 1258, 47, 1291, 260, 924, 1214, 111]"
217,"[364, 440, 588, 1721, 474, 597, 62, 8961, 590, 593]"
218,"[2959, 296, 608, 593, 1089, 2571, 47, 1580, 858, 318]"
219,"[1732, 4963, 2716, 4979, 3578, 58559, 48516, 5952, 1193, 110]"
220,"[356, 1198, 4993, 589, 595, 1240, 1136, 593, 1610, 457]"
221,"[47, 296, 2858, 1213, 1221, 293, 260, 4226, 1196, 4993]"
222,"[2571, 1210, 260, 480, 2918, 2959, 1196, 47, 1291, 1270]"
223,"[1196, 1210, 4963, 356, 6539, 1197, 4306, 2959, 50, 3793]"
224,"[919, 296, 1089, 1307, 2858, 858, 2959, 1136, 1517, 1784]"
225,"[356, 260, 2571, 1, 2918, 1259, 500, 1580, 480, 318]"
226,"[32, 1291, 6711, 1196, 1265, 7438, 858, 58559, 79132, 5989]"
227,"[2959, 4226, 5418, 4973, 1198, 1210, 3578, 3996, 4993, 293]"
228,"[296, 2959, 4226, 2858, 1210, 2028, 527, 1089, 2329, 47]"
229,"[150, 457, 593, 296, 161, 588, 500, 292, 380, 32]"
230,"[47, 1291, 480, 2571, 3578, 4226, 858, 10, 2028, 1036]"
231,"[1210, 32, 2762, 2716, 1089, 2959, 380, 1201, 2028, 111]"
232,"[32, 2858, 1704, 2329, 593, 778, 50, 4011, 1625, 4878]"
233,"[4226, 318, 593, 260, 1270, 904, 480, 2571, 1196, 1197]"
234,"[150, 1270, 780, 2959, 356, 1197, 595, 589, 924, 296]"
235,"[733, 316, 608, 165, 1, 480, 6, 509, 1246, 339]"
237,"[541, 260, 296, 4993, 7153, 2762, 593, 1270, 2959, 858]"
238,"[2028, 356, 7153, 2571, 5349, 2628, 377, 260, 2858, 4226]"
239,"[858, 150, 1258, 527, 1196, 5502, 6874, 736, 1302, 5418]"
240,"[457, 587, 597, 593, 339, 161, 47, 648, 11, 32]"
241,"[260, 593, 778, 4226, 48516, 356, 3949, 3578, 4878, 5418]"
242,"[377, 527, 110, 589, 296, 356, 364, 480, 380, 1198]"
243,"[480, 329, 208, 165, 457, 110, 34, 364, 292, 349]"
244,"[260, 858, 1210, 2858, 608, 924, 527, 1136, 480, 1198]"
245,"[1, 356, 260, 1210, 1198, 2571, 50, 480, 2706, 34]"
246,"[58559, 1198, 3578, 7153, 1, 110, 318, 51662, 588, 2683]"
247,"[4034, 1089, 2571, 2542, 6711, 55820, 3911, 4027, 590, 541]"
248,"[4993, 5952, 7153, 318, 3578, 6934, 2959, 72998, 589, 593]"
249,"[51255, 1036, 3897, 5952, 4993, 8961, 1968, 2791, 919, 1136]"
250,"[2858, 296, 356, 260, 1265, 608, 2959, 293, 1196, 1198]"
251,"[50, 260, 2959, 318, 1210, 1222, 2858, 1732, 1036, 1090]"
252,"[296, 356, 593, 2858, 1196, 1961, 4306, 1270, 4886, 46578]"
253,"[2959, 356, 2858, 6874, 7361, 2762, 47, 750, 2692, 5618]"
254,"[608, 47, 50, 1198, 5618, 1036, 2683, 1968, 4027, 364]"
255,"[296, 318, 47, 593, 1036, 6539, 480, 2571, 4306, 32587]"
256,"[49272, 356, 6539, 2028, 1, 3578, 1721, 527, 1270, 5418]"
257,"[2858, 364, 296, 588, 4306, 2959, 1136, 2918, 2987, 1198]"
259,"[593, 296, 2571, 1214, 1527, 2858, 318, 6377, 8961, 2268]"
260,"[32, 260, 858, 1, 4993, 5952, 1196, 480, 1222, 318]"
261,"[260, 1198, 110, 589, 1196, 2716, 1291, 1246, 6874, 1036]"
262,"[356, 150, 364, 500, 344, 589, 253, 590, 527, 185]"
263,"[480, 1221, 858, 1961, 260, 356, 1270, 780, 1214, 4896]"
264,"[1270, 260, 1, 1198, 7153, 2011, 4306, 1291, 1208, 1136]"
265,"[1198, 296, 480, 1210, 3114, 1610, 1101, 356, 457, 1387]"
266,"[2959, 7153, 47, 296, 293, 318, 2858, 4993, 6874, 5952]"
267,"[296, 1198, 1270, 2571, 780, 50, 364, 1097, 1291, 1387]"
268,"[1219, 4226, 296, 541, 1199, 1214, 912, 1387, 2997, 111]"
269,"[260, 608, 1198, 1270, 1210, 47, 480, 858, 1291, 296]"
270,"[589, 592, 608, 1265, 150, 377, 587, 1270, 296, 50]"
271,"[2571, 1210, 2028, 1089, 593, 47, 2762, 356, 480, 1196]"
272,"[296, 356, 1617, 2959, 3578, 4963, 1704, 2762, 49272, 1265]"
273,"[527, 110, 50, 356, 2571, 318, 3578, 2355, 457, 2762]"
274,"[589, 6539, 344, 1682, 1097, 2700, 8641, 48516, 2997, 4963]"
275,"[1213, 1196, 47, 2502, 4878, 70, 1036, 3897, 648, 1259]"
276,"[480, 2571, 260, 1198, 6539, 165, 7153, 4306, 1073, 49272]"
277,"[1, 648, 1210, 2028, 736, 356, 480, 2571, 1196, 380]"
278,"[1196, 356, 296, 457, 260, 4878, 2858, 608, 1089, 7153]"
279,"[58559, 7153, 69122, 5952, 60069, 858, 6539, 1732, 4306, 4973]"
280,"[527, 2959, 260, 1196, 1136, 2918, 2571, 858, 589, 111]"
281,"[1210, 296, 260, 7153, 1, 1198, 6539, 2571, 47, 2716]"
282,"[7153, 1210, 1291, 1198, 260, 593, 1036, 4993, 364, 3994]"
283,"[2571, 260, 356, 480, 589, 3578, 6539, 364, 4963, 2716]"
284,"[588, 364, 367, 593, 586, 296, 780, 587, 1580, 1210]"
285,"[1219, 608, 924, 1221, 260, 923, 1196, 1097, 1258, 1214]"
286,"[2858, 5418, 1196, 318, 2716, 260, 480, 6874, 589, 7153]"
287,"[260, 296, 1210, 7361, 1196, 2858, 6874, 1222, 1198, 2571]"
288,"[527, 2028, 858, 2959, 924, 3471, 50, 903, 2858, 1089]"
289,"[4993, 6874, 50, 4226, 5952, 32, 7153, 296, 1270, 7361]"
290,"[1197, 2858, 1247, 2997, 32, 2797, 904, 1240, 914, 926]"
292,"[2571, 260, 318, 1527, 736, 1265, 4226, 2, 165, 58559]"
293,"[356, 1210, 5952, 7153, 2571, 260, 2355, 480, 1136, 4226]"
294,"[1200, 589, 1527, 32, 2571, 457, 480, 356, 318, 1210]"
295,"[296, 356, 2858, 593, 58559, 1213, 1732, 2571, 4993, 1196]"
296,"[4993, 2571, 7153, 1196, 6874, 4226, 593, 5952, 7438, 356]"
297,"[356, 50, 2571, 296, 480, 1210, 260, 2959, 1527, 2858]"
298,"[1196, 2716, 1, 8874, 589, 593, 7361, 2028, 4262, 33493]"
299,"[356, 858, 1196, 1721, 2571, 260, 2028, 150, 4306, 1]"
300,"[2858, 2028, 296, 1036, 3578, 589, 50, 1198, 260, 608]"
301,"[593, 1197, 2997, 3147, 260, 1210, 1196, 1732, 2959, 1073]"
302,"[593, 150, 608, 356, 339, 1, 50, 733, 1196, 380]"
303,"[1, 1291, 1198, 356, 2762, 1197, 2028, 380, 592, 110]"
304,"[364, 592, 367, 2529, 1148, 551, 2640, 1374, 608, 1127]"
305,"[110, 4226, 111, 1, 1291, 2028, 1201, 2997, 91529, 3578]"
306,"[7153, 5952, 68954, 58559, 318, 356, 4993, 59315, 6874, 33794]"
307,"[2028, 4993, 2762, 32587, 6365, 1198, 3994, 6539, 1222, 3578]"
308,"[7153, 588, 4995, 1, 595, 6539, 593, 1210, 4896, 1270]"
309,"[2959, 4973, 7438, 6874, 2858, 1270, 1732, 2692, 1210, 1258]"
310,"[1196, 1210, 858, 480, 589, 1208, 1291, 912, 2571, 2959]"
311,"[2858, 1196, 260, 2571, 4226, 1387, 356, 480, 293, 1291]"
312,"[296, 858, 1270, 593, 1291, 2791, 2918, 1288, 1610, 1221]"
313,"[7153, 5952, 5418, 110, 1527, 6539, 1704, 1961, 6874, 8961]"
314,"[318, 457, 161, 588, 339, 539, 454, 474, 608, 586]"
315,"[296, 260, 1580, 1270, 480, 1210, 1197, 2628, 1721, 2115]"
316,"[2571, 260, 47, 2959, 858, 1196, 1221, 1291, 1, 1213]"
317,"[32, 1210, 1198, 1196, 1704, 296, 1214, 1270, 2916, 2115]"
318,"[2959, 858, 1198, 8961, 58559, 260, 1221, 50, 1704, 111]"
319,"[7153, 1210, 1198, 858, 593, 2028, 2959, 59315, 5952, 68954]"
320,"[1196, 1210, 7153, 5952, 260, 2716, 58559, 356, 1270, 4993]"
321,"[318, 527, 110, 329, 47, 590, 296, 457, 357, 349]"
322,"[1198, 1270, 1291, 3793, 589, 1200, 2028, 1527, 4886, 7153]"
323,"[593, 592, 588, 586, 4306, 5816, 780, 4896, 6377, 8961]"
324,"[750, 1265, 2858, 541, 296, 2959, 1291, 4226, 4878, 318]"
325,"[1206, 750, 912, 2571, 608, 903, 2076, 1208, 1210, 923]"
326,"[4878, 2762, 1206, 1036, 1089, 1198, 1291, 4022, 6539, 4027]"
327,"[589, 2028, 588, 1, 110, 2959, 364, 1291, 47, 648]"
328,"[32, 260, 541, 4993, 593, 2716, 1206, 589, 1617, 111]"
329,"[1136, 296, 2571, 356, 527, 1220, 904, 1089, 608, 1197]"
330,"[318, 527, 68954, 1704, 46578, 74458, 356, 2692, 1220, 1276]"
331,"[1089, 296, 1196, 1213, 260, 1210, 1198, 1221, 356, 1291]"
332,"[1221, 260, 1198, 457, 2396, 588, 2529, 592, 1641, 858]"
333,"[2959, 858, 2858, 2571, 296, 3793, 1198, 356, 50, 260]"
334,"[588, 4995, 5816, 6539, 4993, 8368, 500, 586, 1197, 2012]"
335,"[1196, 296, 1240, 260, 356, 2959, 1210, 2028, 480, 1036]"
336,"[2858, 1197, 1198, 2918, 260, 608, 1136, 912, 1210, 356]"
337,"[780, 377, 589, 364, 858, 457, 165, 380, 588, 39]"
338,"[47, 356, 2858, 1197, 2571, 1213, 480, 1089, 1198, 4226]"
339,"[356, 1210, 2571, 1196, 1198, 50, 2329, 5952, 6874, 4011]"
340,"[150, 380, 736, 1210, 588, 1, 161, 1196, 260, 32]"
341,"[1136, 2028, 1198, 1732, 4306, 2959, 260, 1197, 588, 68954]"
342,"[1196, 3578, 260, 1210, 356, 2571, 1213, 2918, 2858, 296]"
343,"[47, 593, 4306, 4993, 2028, 293, 2329, 356, 1206, 32]"
344,"[6539, 1291, 480, 1, 1198, 5218, 1580, 4896, 2115, 1196]"
345,"[2571, 2959, 1089, 2028, 356, 4993, 296, 1265, 1270, 318]"
346,"[2571, 1206, 260, 2762, 356, 541, 1214, 1196, 223, 1210]"
347,"[6377, 2762, 4226, 1198, 1210, 2571, 4306, 48780, 349, 593]"
348,"[260, 1210, 2571, 7153, 1198, 2028, 356, 2959, 924, 1]"
349,"[318, 223, 50, 457, 592, 6, 47, 21, 1036, 1]"
350,"[356, 2571, 1196, 1036, 1198, 593, 780, 5952, 318, 589]"
351,"[1196, 260, 2858, 1210, 318, 3578, 593, 2028, 50, 1198]"
352,"[318, 2571, 2959, 589, 1210, 293, 4993, 858, 32, 110]"
353,"[150, 527, 296, 337, 356, 50, 597, 357, 587, 300]"
354,"[1200, 4226, 541, 47, 293, 1206, 1275, 6377, 1136, 1391]"
355,"[356, 1196, 1, 296, 260, 1210, 1291, 2571, 541, 1270]"
356,"[318, 79132, 296, 1704, 608, 364, 858, 480, 68954, 590]"
357,"[364, 4226, 593, 1035, 2571, 1028, 1097, 457, 4973, 4993]"
358,"[2959, 593, 318, 356, 858, 2571, 1198, 296, 50, 1210]"
359,"[4226, 2028, 1136, 2959, 457, 1265, 318, 3578, 6539, 858]"
360,"[260, 2571, 2858, 356, 50, 858, 1222, 2028, 541, 1089]"
361,"[2571, 318, 6539, 4306, 480, 2959, 47, 3578, 6934, 364]"
362,"[541, 1136, 1214, 4226, 1200, 1210, 7361, 1270, 1291, 1240]"
363,"[2858, 1136, 2959, 4027, 7361, 608, 1265, 2502, 1089, 2918]"
364,"[260, 480, 588, 380, 457, 733, 593, 736, 364, 6]"
365,"[2571, 1210, 2959, 8665, 296, 2858, 589, 364, 588, 8360]"
366,"[356, 1196, 296, 5952, 318, 1198, 260, 50, 2329, 527]"
367,"[1210, 1968, 858, 1213, 2858, 480, 1035, 1197, 364, 780]"
368,"[593, 1196, 47, 2918, 1079, 318, 32, 541, 1265, 590]"
369,"[858, 2959, 296, 1210, 1, 110, 356, 588, 589, 2329]"
370,"[2858, 364, 260, 1527, 2028, 1097, 3793, 1580, 4963, 1036]"
371,"[1208, 260, 1214, 541, 1036, 2571, 1291, 6874, 1921, 296]"
372,"[1210, 480, 1387, 2571, 1270, 2858, 1213, 1240, 780, 2762]"
373,"[919, 1089, 2115, 260, 1196, 2571, 3147, 110, 1784, 2959]"
374,"[364, 367, 2571, 648, 10, 589, 50, 1196, 1200, 293]"
375,"[858, 260, 296, 1210, 1136, 1732, 2571, 1197, 1036, 2762]"
376,"[593, 6539, 5349, 356, 318, 500, 364, 1, 4886, 8644]"
377,"[260, 2571, 1210, 1198, 4993, 4226, 318, 858, 296, 912]"
378,"[1198, 3578, 1291, 2571, 2959, 260, 318, 356, 1210, 2028]"
379,"[318, 593, 296, 329, 588, 2, 10, 474, 153, 165]"
380,"[260, 296, 4886, 8636, 1240, 79132, 1213, 122882, 7438, 912]"
381,"[527, 858, 1307, 6942, 2858, 357, 1704, 296, 50, 60069]"
382,"[1270, 1208, 1266, 1732, 480, 541, 589, 1291, 1954, 2529]"
383,"[356, 2571, 1, 1210, 2918, 500, 858, 296, 318, 4306]"
384,"[589, 1240, 356, 1196, 1210, 2571, 260, 1527, 2762, 1]"
385,"[1732, 1265, 1214, 2918, 1089, 2959, 110, 1387, 527, 1291]"
386,"[527, 356, 150, 111, 597, 288, 457, 296, 924, 1206]"
387,"[2997, 923, 1222, 3160, 778, 2762, 4973, 2716, 5669, 527]"
388,"[2571, 6874, 1210, 5952, 7438, 2959, 296, 364, 8961, 10]"
389,"[318, 1, 150, 480, 1210, 1196, 457, 10, 364, 165]"
390,"[1198, 8961, 50, 2762, 480, 1210, 2571, 6539, 47, 5952]"
391,"[1387, 1198, 2571, 919, 1210, 2160, 912, 2529, 1225, 2985]"
392,"[260, 541, 2028, 593, 1196, 2571, 1208, 2762, 858, 1923]"
393,"[8368, 68954, 60069, 6377, 6539, 260, 318, 3793, 1210, 1]"
394,"[364, 589, 296, 377, 500, 349, 318, 47, 165, 593]"
395,"[736, 780, 480, 590, 1721, 442, 1961, 6333, 1676, 2762]"
396,"[2571, 589, 1210, 3578, 32, 1198, 480, 1196, 260, 356]"
397,"[296, 2858, 912, 1208, 1206, 111, 2997, 1221, 2959, 1704]"
398,"[318, 527, 260, 296, 356, 912, 2571, 593, 4226, 608]"
399,"[2959, 2571, 50, 858, 58559, 2028, 318, 59315, 110, 60069]"
400,"[589, 293, 2028, 4226, 110, 2858, 1089, 2329, 4011, 296]"
401,"[4896, 296, 2571, 2959, 1210, 8961, 44191, 79132, 4226, 51255]"
402,"[592, 356, 158, 377, 2, 34, 208, 539, 367, 10]"
403,"[2959, 2571, 2858, 260, 1221, 1240, 32, 541, 2028, 318]"
404,"[595, 10, 344, 592, 500, 434, 589, 95, 150, 780]"
405,"[1196, 260, 356, 6874, 593, 1210, 6377, 589, 367, 2115]"
406,"[2959, 2028, 356, 919, 4995, 527, 858, 2858, 377, 2571]"
407,"[858, 2762, 296, 2716, 356, 1213, 1, 1682, 2858, 1210]"
408,"[1196, 1214, 293, 589, 2028, 2762, 593, 47, 356, 7153]"
409,"[2918, 1240, 589, 858, 2797, 356, 1097, 1196, 260, 1089]"
410,"[356, 1136, 858, 608, 1230, 1580, 1221, 589, 541, 50]"
411,"[293, 595, 6, 592, 454, 1200, 1387, 1036, 648, 2268]"
412,"[912, 527, 541, 2716, 1204, 1198, 1208, 1387, 2028, 608]"
413,"[4306, 47, 6377, 2571, 5952, 356, 7153, 4226, 1, 364]"
414,"[1200, 1214, 1221, 47, 1197, 3552, 2762, 2700, 2288, 2273]"
415,"[1136, 1265, 1196, 1089, 1208, 1219, 912, 1036, 6539, 1213]"
416,"[2571, 1206, 1089, 1136, 4226, 7361, 1210, 1682, 2396, 3897]"
417,"[50, 527, 7153, 2028, 541, 4011, 7361, 1196, 32, 590]"
418,"[260, 1210, 589, 1196, 356, 1, 1732, 32, 1198, 2571]"
419,"[593, 589, 1214, 5989, 55820, 109487, 79132, 260, 293, 541]"
420,"[3578, 356, 1682, 858, 2028, 4963, 589, 2858, 50, 1240]"
421,"[50, 260, 1198, 1210, 356, 296, 1968, 858, 1196, 2762]"
422,"[1196, 1210, 1240, 593, 1198, 1214, 356, 1036, 527, 1270]"
423,"[593, 590, 527, 1196, 1200, 260, 364, 380, 1387, 6]"
424,"[2571, 356, 480, 648, 1580, 10, 4973, 2028, 6539, 593]"
425,"[51662, 7153, 32587, 1080, 6365, 34048, 44191, 8644, 296, 3147]"
426,"[8368, 2571, 1265, 6942, 1, 1580, 1721, 4886, 6539, 5816]"
427,"[2571, 2959, 1210, 7153, 260, 1196, 7361, 3535, 7438, 318]"
428,"[47, 858, 1221, 4993, 608, 293, 50, 924, 32, 1213]"
429,"[380, 110, 377, 457, 356, 588, 364, 208, 367, 587]"
430,"[260, 50, 1089, 2028, 527, 593, 1196, 2959, 1954, 1208]"
431,"[1208, 1968, 2028, 2396, 1291, 1193, 2797, 260, 2858, 2918]"
432,"[2959, 8665, 4226, 32, 8798, 1198, 4306, 4878, 33794, 541]"
433,"[858, 2571, 260, 1036, 7438, 1136, 2997, 4993, 1210, 1527]"
434,"[1198, 541, 50, 1968, 296, 1221, 592, 903, 904, 1206]"
435,"[356, 296, 4993, 6373, 2918, 2028, 527, 50, 1682, 1198]"
436,"[318, 110, 296, 47, 10, 329, 32, 590, 185, 208]"
437,"[1196, 1, 912, 858, 541, 1198, 2959, 2858, 2791, 1266]"
438,"[260, 1198, 1270, 2716, 296, 50, 1200, 47, 1291, 1387]"
439,"[608, 2858, 2762, 296, 593, 1210, 3147, 47, 1270, 924]"
440,"[260, 1210, 1208, 356, 296, 1196, 593, 480, 1222, 2716]"
441,"[3578, 1210, 589, 1, 5952, 68954, 110, 2028, 32, 318]"
442,"[296, 858, 318, 50, 2959, 356, 2858, 527, 608, 1136]"
443,"[1219, 3949, 4973, 58559, 1961, 1682, 1097, 1265, 4226, 500]"
444,"[356, 32, 1089, 431, 1, 1732, 590, 2858, 2959, 7438]"
445,"[1732, 858, 1213, 589, 1196, 2858, 1089, 1210, 924, 318]"
446,"[318, 110, 165, 1, 4226, 858, 2959, 912, 919, 1213]"
447,"[356, 150, 292, 10, 349, 2571, 648, 47, 750, 858]"
448,"[1732, 58559, 27773, 750, 4306, 318, 2028, 50, 4226, 588]"
449,"[296, 47, 608, 260, 1089, 592, 1214, 1968, 593, 919]"
450,"[356, 589, 1210, 2571, 296, 480, 1196, 1240, 2028, 2797]"
451,"[50, 296, 2858, 593, 858, 110, 260, 589, 924, 356]"
452,"[2959, 296, 32, 1197, 50, 1208, 2918, 3949, 1682, 1210]"
453,"[1196, 1198, 1270, 2011, 1291, 2858, 1265, 2987, 1097, 587]"
454,"[2959, 778, 50, 3949, 47, 608, 4226, 356, 4963, 2571]"
455,"[318, 50, 32, 208, 47, 10, 648, 296, 368, 434]"
456,"[1210, 1196, 480, 1198, 1356, 1580, 457, 296, 1270, 2028]"
457,"[1196, 2571, 356, 6377, 1527, 1580, 2115, 1682, 4973, 1]"
458,"[589, 648, 318, 34, 344, 736, 11, 527, 47, 32]"
459,"[7153, 356, 5952, 47, 527, 3578, 858, 33493, 1210, 5418]"
460,"[1198, 5349, 2959, 260, 1291, 1210, 364, 1721, 1196, 858]"
461,"[2959, 32, 50, 260, 1197, 4011, 1682, 296, 2918, 79132]"
462,"[1193, 608, 7153, 1, 2692, 588, 590, 593, 4878, 357]"
463,"[47, 2571, 2959, 480, 1240, 2858, 2762, 79132, 356, 858]"
464,"[3147, 356, 527, 1210, 260, 1089, 1198, 7153, 1961, 5995]"
465,"[1198, 858, 923, 1221, 903, 356, 1206, 260, 111, 589]"
466,"[51662, 1721, 6365, 34162, 2571, 3948, 45447, 49272, 47, 597]"
467,"[1196, 858, 260, 1210, 50, 2858, 2947, 1258, 457, 296]"
468,"[364, 380, 457, 454, 356, 377, 589, 318, 34, 10]"
469,"[541, 858, 1090, 2019, 1136, 1252, 4226, 953, 1094, 1265]"
470,"[780, 733, 593, 597, 553, 11, 1291, 34, 368, 594]"
471,"[318, 5989, 7153, 5952, 81834, 4878, 1265, 5618, 88125, 47]"
472,"[260, 296, 2959, 356, 1213, 1089, 1196, 1198, 2858, 593]"
473,"[296, 356, 1732, 6874, 593, 5952, 2858, 260, 4226, 32]"
474,"[2571, 318, 260, 541, 4993, 1214, 1219, 1089, 1584, 1136]"
475,"[8961, 356, 318, 296, 1036, 1210, 1, 6539, 1387, 858]"
476,"[349, 593, 457, 1, 6, 527, 344, 1136, 1208, 780]"
477,"[2571, 2959, 2329, 1732, 1073, 4262, 858, 1197, 1213, 3147]"
478,"[260, 7153, 50, 1527, 2571, 2028, 2959, 32, 296, 1198]"
479,"[2858, 1097, 296, 1240, 4226, 1036, 1517, 318, 589, 4306]"
480,"[858, 1201, 904, 912, 58559, 68157, 4262, 3039, 1517, 59315]"
481,"[1210, 1291, 589, 480, 1198, 1923, 2571, 260, 356, 457]"
482,"[1196, 2028, 260, 2571, 5952, 3793, 589, 5349, 1210, 5816]"
483,"[2918, 593, 1682, 4878, 778, 541, 150, 353, 2174, 480]"
484,"[260, 1097, 1196, 1198, 1270, 1210, 593, 3948, 4995, 47]"
485,"[457, 364, 480, 454, 47, 356, 34, 1, 592, 367]"
486,"[480, 364, 260, 527, 551, 316, 367, 595, 587, 500]"
487,"[1732, 593, 47, 296, 3578, 1265, 3996, 32, 3147, 4226]"
488,"[2571, 4226, 296, 1270, 50, 1196, 2959, 260, 5816, 5952]"
489,"[1073, 260, 4226, 356, 1196, 593, 1210, 480, 318, 858]"
490,"[1136, 318, 2858, 858, 296, 6874, 50, 7438, 1732, 4963]"
491,"[4306, 1198, 3578, 4896, 2, 2571, 260, 2011, 8961, 5952]"
492,"[32, 364, 296, 780, 2, 608, 34, 380, 47, 1196]"
493,"[1270, 356, 2858, 1732, 47, 296, 480, 2115, 3147, 541]"
494,"[2571, 50, 541, 32, 1265, 1270, 1208, 296, 1036, 2959]"
495,"[1196, 296, 1210, 2858, 1197, 1270, 260, 356, 364, 1036]"
496,"[2959, 2571, 318, 7153, 296, 33794, 50, 68954, 59315, 7438]"
497,"[1208, 4878, 6016, 1265, 356, 1136, 1732, 4226, 3949, 778]"
498,"[377, 380, 589, 21, 367, 527, 587, 592, 593, 50]"
499,"[296, 260, 1210, 2571, 858, 1213, 4993, 110, 1036, 1240]"
500,"[2571, 296, 858, 2762, 2028, 5349, 50, 541, 1291, 780]"
501,"[480, 165, 736, 380, 588, 1356, 260, 1, 733, 457]"
502,"[2858, 260, 593, 2791, 296, 1210, 1196, 1240, 223, 2571]"
503,"[296, 1221, 2997, 111, 6016, 260, 3949, 1732, 1198, 1196]"
504,"[4973, 2959, 2324, 2858, 1265, 1270, 5445, 1206, 5618, 1653]"
505,"[1089, 2571, 260, 50, 6874, 1210, 4878, 318, 480, 589]"
506,"[2571, 2959, 1196, 1198, 260, 1210, 8874, 541, 1270, 4226]"
507,"[480, 377, 364, 587, 380, 539, 597, 318, 500, 349]"
508,"[2858, 356, 296, 2918, 7153, 32, 2571, 50, 260, 2762]"
509,"[527, 47, 318, 2959, 589, 1968, 2916, 1097, 1036, 1270]"
510,"[589, 296, 1291, 1270, 1240, 356, 1193, 2028, 110, 2716]"
511,"[5952, 4226, 1198, 68157, 2858, 2028, 44191, 58559, 858, 1721]"
512,"[593, 6, 592, 16, 235, 11, 410, 337, 508, 25]"
513,"[1270, 1197, 1196, 1291, 1732, 318, 2571, 3671, 47, 50]"
514,"[1210, 858, 260, 1208, 356, 1580, 780, 1247, 50, 2302]"
515,"[1196, 296, 4226, 1210, 7153, 7361, 1, 2571, 588, 1198]"
516,"[2529, 923, 912, 1196, 1240, 1221, 2716, 1210, 1270, 593]"
517,"[364, 2959, 1240, 589, 1198, 1196, 5349, 6377, 58559, 586]"
518,"[1136, 2571, 1270, 2959, 2683, 1732, 296, 1196, 7153, 1210]"
519,"[260, 593, 1210, 318, 2571, 2858, 58559, 296, 7153, 3147]"
520,"[2762, 1961, 1210, 4963, 480, 7153, 593, 3578, 1196, 457]"
521,"[1, 318, 260, 1210, 356, 1393, 47, 457, 454, 17]"
522,"[3578, 1258, 2028, 6874, 924, 541, 2692, 5445, 648, 2987]"
523,"[2571, 1580, 260, 5952, 1198, 296, 59315, 6365, 1210, 4306]"
524,"[296, 589, 356, 2716, 5349, 4993, 1676, 2762, 7153, 6539]"
525,"[318, 1704, 2762, 4993, 1089, 1265, 7153, 904, 63082, 5349]"
526,"[356, 3578, 527, 2571, 4993, 47, 2959, 1210, 1682, 480]"
527,"[589, 2762, 3994, 3793, 2571, 1197, 1580, 3578, 2858, 296]"
528,"[318, 2959, 296, 4022, 1210, 1265, 2028, 7153, 2858, 6502]"
529,"[110, 318, 356, 364, 1210, 1198, 588, 1265, 296, 16]"
530,"[356, 589, 588, 34, 527, 318, 21, 150, 296, 357]"
532,"[356, 1270, 1210, 541, 296, 1356, 50, 480, 1197, 1387]"
533,"[858, 1196, 50, 296, 593, 1270, 47, 1221, 32, 260]"
534,"[318, 589, 1214, 593, 595, 1265, 539, 377, 2959, 527]"
535,"[296, 593, 260, 608, 1214, 1196, 1193, 1221, 1036, 111]"
536,"[380, 110, 587, 47, 316, 364, 10, 318, 588, 296]"
537,"[3578, 356, 91529, 296, 68954, 122904, 2329, 33794, 51662, 74458]"
538,"[1270, 2005, 4306, 3114, 6377, 1, 80463, 296, 69122, 919]"
539,"[296, 1196, 58559, 356, 1136, 5952, 8368, 1270, 364, 1198]"
540,"[4226, 318, 2959, 5952, 260, 1036, 1291, 480, 858, 6874]"
541,"[380, 589, 780, 527, 1270, 110, 2571, 2628, 1198, 150]"
542,"[592, 4993, 1, 318, 527, 3793, 4886, 3996, 589, 1136]"
543,"[2028, 318, 7153, 858, 5952, 50, 1198, 3114, 8961, 1]"
544,"[733, 104, 6, 260, 364, 648, 32, 1210, 150, 653]"
545,"[1210, 1196, 589, 480, 32, 1208, 2571, 110, 356, 527]"
546,"[260, 32, 296, 356, 589, 2571, 2959, 377, 1136, 1196]"
548,"[1210, 260, 2762, 2028, 6539, 364, 296, 589, 3578, 588]"
549,"[4993, 2762, 50, 356, 593, 6016, 1258, 2571, 6539, 480]"
550,"[1210, 7153, 1270, 260, 2959, 1196, 858, 1198, 79132, 6874]"
551,"[858, 79132, 58559, 1214, 356, 912, 4963, 69122, 1198, 1265]"
552,"[858, 1198, 1210, 1240, 912, 1080, 260, 480, 1213, 1270]"
553,"[1196, 356, 1198, 2791, 2716, 4993, 47, 924, 1291, 1968]"
554,"[356, 1270, 1198, 260, 318, 1, 1387, 480, 1721, 1307]"
555,"[1291, 858, 1923, 2716, 47, 1961, 7153, 16, 79132, 1221]"
556,"[60069, 69844, 59315, 356, 4306, 58559, 1, 5418, 8961, 77561]"
557,"[5952, 593, 380, 4993, 8961, 6539, 1036, 2959, 4973, 296]"
558,"[296, 318, 260, 2858, 1089, 2571, 50, 2959, 32, 1704]"
559,"[356, 296, 457, 589, 527, 1198, 592, 1270, 2797, 3421]"
560,"[2571, 1210, 318, 79132, 8961, 480, 1197, 6874, 4262, 47]"
561,"[318, 356, 4306, 858, 1136, 1208, 1221, 4226, 60684, 1527]"
562,"[3996, 1265, 318, 260, 4973, 4878, 2959, 4226, 8961, 1136]"
563,"[1, 4306, 364, 1246, 500, 527, 39, 5218, 1136, 6377]"
564,"[2959, 79132, 6377, 2858, 60069, 260, 1210, 4011, 49272, 68954]"
565,"[593, 296, 110, 480, 380, 349, 253, 367, 587, 32]"
566,"[34, 589, 50, 457, 593, 339, 350, 608, 357, 1]"
567,"[2959, 1210, 2571, 1265, 858, 8961, 4306, 1136, 480, 593]"
568,"[260, 1196, 318, 924, 296, 1210, 1089, 2959, 858, 4262]"
569,"[457, 110, 318, 150, 161, 589, 47, 316, 260, 593]"
570,"[593, 589, 150, 296, 1196, 480, 2918, 377, 588, 6377]"
571,"[260, 296, 1307, 589, 1968, 356, 858, 1210, 318, 480]"
572,"[260, 356, 296, 50, 1225, 587, 597, 589, 2918, 2797]"
573,"[1682, 7438, 527, 778, 54286, 1265, 7361, 1222, 3114, 5418]"
574,"[480, 356, 364, 589, 595, 780, 457, 377, 500, 165]"
575,"[110, 356, 1210, 260, 1197, 1196, 50, 589, 2858, 527]"
576,"[1198, 2959, 1210, 1732, 260, 2858, 1214, 32, 1291, 1527]"
577,"[2571, 50, 296, 47, 364, 1089, 2329, 150, 1704, 2692]"
578,"[296, 2959, 2571, 58559, 356, 318, 1210, 4963, 1196, 912]"
579,"[589, 3578, 1210, 380, 3996, 457, 588, 39, 592, 4963]"
580,"[1196, 4993, 110, 58559, 1682, 377, 1265, 356, 5989, 1221]"
581,"[1580, 5418, 356, 6377, 1, 1196, 858, 33794, 8961, 6333]"
582,"[1210, 7153, 72998, 318, 1198, 2028, 70286, 296, 356, 858]"
583,"[6377, 68954, 364, 1136, 5816, 8961, 919, 6539, 8368, 1270]"
584,"[161, 110, 480, 589, 454, 318, 586, 368, 553, 594]"
585,"[356, 318, 5989, 4011, 50, 1221, 1136, 54286, 47, 1193]"
586,"[4306, 5349, 1527, 8961, 356, 4973, 1291, 5218, 364, 3996]"
587,"[1210, 1198, 589, 1036, 480, 1259, 1291, 318, 1208, 593]"
588,"[377, 296, 110, 161, 329, 32, 1, 153, 588, 2571]"
589,"[296, 380, 150, 457, 500, 34, 587, 377, 110, 50]"
590,"[2028, 1704, 1282, 1968, 1527, 1784, 1682, 474, 2115, 2987]"
591,"[2028, 110, 1, 1196, 364, 589, 3793, 480, 318, 380]"
592,"[1, 1196, 1198, 32, 1270, 593, 1200, 1291, 1210, 1240]"
593,"[1270, 1196, 296, 2858, 589, 1291, 480, 1036, 1732, 1198]"
594,"[356, 480, 500, 1196, 590, 296, 5952, 1, 34, 440]"
595,"[318, 356, 1198, 1387, 858, 1210, 480, 2571, 1035, 1196]"
596,"[1580, 6874, 47, 318, 2716, 68954, 7438, 1080, 1196, 4993]"
597,"[527, 2858, 2571, 608, 924, 296, 593, 1266, 32, 5952]"
598,"[318, 356, 4878, 6874, 2918, 8368, 51662, 2571, 4993, 47]"
599,"[32, 903, 1136, 1193, 54001, 81834, 527, 1148, 1234, 344]"
600,"[2959, 58559, 1193, 5816, 48780, 6711, 5418, 1201, 50, 1291]"
601,"[2959, 5349, 356, 1265, 51662, 1210, 3793, 260, 1291, 4896]"
602,"[1196, 858, 1198, 527, 588, 1, 2959, 44191, 1136, 1210]"
603,"[858, 1208, 318, 750, 50, 1580, 1136, 1617, 1704, 1089]"
604,"[480, 457, 527, 150, 587, 597, 47, 356, 500, 590]"
605,"[2028, 1196, 1198, 2571, 1036, 2115, 1101, 364, 2628, 50]"
606,"[593, 608, 1197, 1193, 1073, 4878, 44191, 1288, 919, 1080]"
607,"[356, 47, 150, 364, 590, 253, 349, 500, 595, 527]"
608,"[296, 1210, 6539, 318, 1206, 2115, 1136, 589, 780, 593]"
609,"[527, 47, 593, 457, 32, 588, 50, 111, 344, 500]"
610,"[4011, 6874, 2115, 5952, 1517, 1387, 1073, 4226, 5445, 6333]"
